Algorithm,Program,nPages,nFrames,#PageFaults,#DiskReads,#DiskWrites
rand, scan,100,3,100,100,97
rand, scan,100,4,100,100,96
rand, scan,100,5,102,100,95
rand, scan,100,6,111,100,94
rand, scan,100,7,108,100,93
rand, scan,100,8,113,100,92
rand, scan,100,9,111,100,91
rand, scan,100,10,115,100,90
rand, scan,100,11,137,100,89
rand, scan,100,12,140,100,88
rand, scan,100,13,132,100,87
rand, scan,100,14,142,100,86
rand, scan,100,15,143,100,85
rand, scan,100,16,163,100,84
rand, scan,100,17,126,100,83
rand, scan,100,18,138,100,82
rand, scan,100,19,118,100,81
rand, scan,100,20,140,100,80
rand, scan,100,21,150,100,79
rand, scan,100,22,140,100,78
rand, scan,100,23,169,100,77
rand, scan,100,24,197,100,76
rand, scan,100,25,234,100,75
rand, scan,100,26,188,100,74
rand, scan,100,27,162,100,73
rand, scan,100,28,157,100,72
rand, scan,100,29,234,100,71
rand, scan,100,30,292,100,70
rand, scan,100,31,177,100,69
rand, scan,100,32,297,100,68
rand, scan,100,33,184,100,67
rand, scan,100,34,171,100,66
rand, scan,100,35,190,100,65
rand, scan,100,36,192,100,64
rand, scan,100,37,251,100,63
rand, scan,100,38,197,100,62
rand, scan,100,39,357,100,61
rand, scan,100,40,254,100,60
rand, scan,100,41,212,100,59
rand, scan,100,42,220,100,58
rand, scan,100,43,201,100,57
rand, scan,100,44,308,100,56
rand, scan,100,45,217,100,55
rand, scan,100,46,306,100,54
rand, scan,100,47,311,100,53
rand, scan,100,48,270,100,52
rand, scan,100,49,237,100,51
rand, scan,100,50,352,100,50
rand, scan,100,51,197,100,49
rand, scan,100,52,230,100,48
rand, scan,100,53,345,100,47
rand, scan,100,54,221,100,46
rand, scan,100,55,289,100,45
rand, scan,100,56,340,100,44
rand, scan,100,57,645,100,43
rand, scan,100,58,295,100,42
rand, scan,100,59,347,100,41
rand, scan,100,60,387,100,40
rand, scan,100,61,346,100,39
rand, scan,100,62,343,100,38
rand, scan,100,63,366,100,37
rand, scan,100,64,283,100,36
rand, scan,100,65,404,100,35
rand, scan,100,66,369,100,34
rand, scan,100,67,753,100,33
rand, scan,100,68,403,100,32
rand, scan,100,69,324,100,31
rand, scan,100,70,348,100,30
rand, scan,100,71,290,100,29
rand, scan,100,72,601,100,28
rand, scan,100,73,473,100,27
rand, scan,100,74,422,100,26
rand, scan,100,75,497,100,25
rand, scan,100,76,462,100,24
rand, scan,100,77,240,100,23
rand, scan,100,78,332,100,22
rand, scan,100,79,445,100,21
rand, scan,100,80,425,100,20
rand, scan,100,81,372,100,19
rand, scan,100,82,359,100,18
rand, scan,100,83,376,100,17
rand, scan,100,84,323,100,16
rand, scan,100,85,581,100,15
rand, scan,100,86,488,100,14
rand, scan,100,87,646,100,13
rand, scan,100,88,581,100,12
rand, scan,100,89,826,100,11
rand, scan,100,90,460,100,10
rand, scan,100,91,386,100,9
rand, scan,100,92,518,100,8
rand, scan,100,93,302,100,7
rand, scan,100,94,479,100,6
rand, scan,100,95,528,100,5
rand, scan,100,96,313,100,4
rand, scan,100,97,576,100,3
rand, scan,100,98,543,100,2
rand, scan,100,99,631,100,1
rand, scan,100,100,100,0,0
fifo, scan,100,3,100,100,97
fifo, scan,100,4,100,100,96
fifo, scan,100,5,100,100,95
fifo, scan,100,6,100,100,94
fifo, scan,100,7,100,100,93
fifo, scan,100,8,100,100,92
fifo, scan,100,9,100,100,91
fifo, scan,100,10,100,100,90
fifo, scan,100,11,100,100,89
fifo, scan,100,12,100,100,88
fifo, scan,100,13,100,100,87
fifo, scan,100,14,100,100,86
fifo, scan,100,15,100,100,85
fifo, scan,100,16,100,100,84
fifo, scan,100,17,100,100,83
fifo, scan,100,18,100,100,82
fifo, scan,100,19,100,100,81
fifo, scan,100,20,100,100,80
fifo, scan,100,21,100,100,79
fifo, scan,100,22,100,100,78
fifo, scan,100,23,100,100,77
fifo, scan,100,24,100,100,76
fifo, scan,100,25,100,100,75
fifo, scan,100,26,100,100,74
fifo, scan,100,27,100,100,73
fifo, scan,100,28,100,100,72
fifo, scan,100,29,100,100,71
fifo, scan,100,30,100,100,70
fifo, scan,100,31,100,100,69
fifo, scan,100,32,100,100,68
fifo, scan,100,33,100,100,67
fifo, scan,100,34,100,100,66
fifo, scan,100,35,100,100,65
fifo, scan,100,36,100,100,64
fifo, scan,100,37,100,100,63
fifo, scan,100,38,100,100,62
fifo, scan,100,39,100,100,61
fifo, scan,100,40,100,100,60
fifo, scan,100,41,100,100,59
fifo, scan,100,42,100,100,58
fifo, scan,100,43,100,100,57
fifo, scan,100,44,100,100,56
fifo, scan,100,45,100,100,55
fifo, scan,100,46,100,100,54
fifo, scan,100,47,100,100,53
fifo, scan,100,48,100,100,52
fifo, scan,100,49,100,100,51
fifo, scan,100,50,100,100,50
fifo, scan,100,51,100,100,49
fifo, scan,100,52,100,100,48
fifo, scan,100,53,100,100,47
fifo, scan,100,54,100,100,46
fifo, scan,100,55,100,100,45
fifo, scan,100,56,100,100,44
fifo, scan,100,57,100,100,43
fifo, scan,100,58,100,100,42
fifo, scan,100,59,100,100,41
fifo, scan,100,60,100,100,40
fifo, scan,100,61,100,100,39
fifo, scan,100,62,100,100,38
fifo, scan,100,63,100,100,37
fifo, scan,100,64,100,100,36
fifo, scan,100,65,100,100,35
fifo, scan,100,66,100,100,34
fifo, scan,100,67,100,100,33
fifo, scan,100,68,100,100,32
fifo, scan,100,69,100,100,31
fifo, scan,100,70,100,100,30
fifo, scan,100,71,100,100,29
fifo, scan,100,72,100,100,28
fifo, scan,100,73,100,100,27
fifo, scan,100,74,100,100,26
fifo, scan,100,75,100,100,25
fifo, scan,100,76,100,100,24
fifo, scan,100,77,100,100,23
fifo, scan,100,78,100,100,22
fifo, scan,100,79,100,100,21
fifo, scan,100,80,100,100,20
fifo, scan,100,81,100,100,19
fifo, scan,100,82,100,100,18
fifo, scan,100,83,100,100,17
fifo, scan,100,84,100,100,16
fifo, scan,100,85,100,100,15
fifo, scan,100,86,100,100,14
fifo, scan,100,87,100,100,13
fifo, scan,100,88,100,100,12
fifo, scan,100,89,100,100,11
fifo, scan,100,90,100,100,10
fifo, scan,100,91,100,100,9
fifo, scan,100,92,100,100,8
fifo, scan,100,93,100,100,7
fifo, scan,100,94,100,100,6
fifo, scan,100,95,100,100,5
fifo, scan,100,96,100,100,4
fifo, scan,100,97,100,100,3
fifo, scan,100,98,100,100,2
fifo, scan,100,99,100,100,1
fifo, scan,100,100,100,0,0
custom, scan,100,3,100,100,97
custom, scan,100,4,100,100,96
custom, scan,100,5,100,100,95
custom, scan,100,6,100,100,94
custom, scan,100,7,100,100,93
custom, scan,100,8,100,100,92
custom, scan,100,9,100,100,91
custom, scan,100,10,100,100,90
custom, scan,100,11,100,100,89
custom, scan,100,12,100,100,88
custom, scan,100,13,100,100,87
custom, scan,100,14,100,100,86
custom, scan,100,15,100,100,85
custom, scan,100,16,100,100,84
custom, scan,100,17,100,100,83
custom, scan,100,18,100,100,82
custom, scan,100,19,100,100,81
custom, scan,100,20,100,100,80
custom, scan,100,21,100,100,79
custom, scan,100,22,100,100,78
custom, scan,100,23,100,100,77
custom, scan,100,24,100,100,76
custom, scan,100,25,100,100,75
custom, scan,100,26,100,100,74
custom, scan,100,27,100,100,73
custom, scan,100,28,100,100,72
custom, scan,100,29,100,100,71
custom, scan,100,30,100,100,70
custom, scan,100,31,100,100,69
custom, scan,100,32,100,100,68
custom, scan,100,33,100,100,67
custom, scan,100,34,100,100,66
custom, scan,100,35,100,100,65
custom, scan,100,36,100,100,64
custom, scan,100,37,100,100,63
custom, scan,100,38,100,100,62
custom, scan,100,39,100,100,61
custom, scan,100,40,100,100,60
custom, scan,100,41,100,100,59
custom, scan,100,42,100,100,58
custom, scan,100,43,100,100,57
custom, scan,100,44,100,100,56
custom, scan,100,45,100,100,55
custom, scan,100,46,100,100,54
custom, scan,100,47,100,100,53
custom, scan,100,48,100,100,52
custom, scan,100,49,100,100,51
custom, scan,100,50,100,100,50
custom, scan,100,51,100,100,49
custom, scan,100,52,100,100,48
custom, scan,100,53,100,100,47
custom, scan,100,54,100,100,46
custom, scan,100,55,100,100,45
custom, scan,100,56,100,100,44
custom, scan,100,57,100,100,43
custom, scan,100,58,100,100,42
custom, scan,100,59,100,100,41
custom, scan,100,60,100,100,40
custom, scan,100,61,100,100,39
custom, scan,100,62,100,100,38
custom, scan,100,63,100,100,37
custom, scan,100,64,100,100,36
custom, scan,100,65,100,100,35
custom, scan,100,66,100,100,34
custom, scan,100,67,100,100,33
custom, scan,100,68,100,100,32
custom, scan,100,69,100,100,31
custom, scan,100,70,100,100,30
custom, scan,100,71,100,100,29
custom, scan,100,72,100,100,28
custom, scan,100,73,100,100,27
custom, scan,100,74,100,100,26
custom, scan,100,75,100,100,25
custom, scan,100,76,100,100,24
custom, scan,100,77,100,100,23
custom, scan,100,78,100,100,22
custom, scan,100,79,100,100,21
custom, scan,100,80,100,100,20
custom, scan,100,81,100,100,19
custom, scan,100,82,100,100,18
custom, scan,100,83,100,100,17
custom, scan,100,84,100,100,16
custom, scan,100,85,100,100,15
custom, scan,100,86,100,100,14
custom, scan,100,87,100,100,13
custom, scan,100,88,100,100,12
custom, scan,100,89,100,100,11
custom, scan,100,90,100,100,10
custom, scan,100,91,100,100,9
custom, scan,100,92,100,100,8
custom, scan,100,93,100,100,7
custom, scan,100,94,100,100,6
custom, scan,100,95,100,100,5
custom, scan,100,96,100,100,4
custom, scan,100,97,100,100,3
custom, scan,100,98,100,100,2
custom, scan,100,99,100,100,1
custom, scan,100,100,100,0,0
rand, sort,100,3,105,100,97
rand, sort,100,4,100,100,96
rand, sort,100,5,104,100,95
rand, sort,100,6,108,100,94
rand, sort,100,7,105,100,93
rand, sort,100,8,107,100,92
rand, sort,100,9,111,100,91
rand, sort,100,10,121,100,90
rand, sort,100,11,110,100,89
rand, sort,100,12,110,100,88
rand, sort,100,13,115,100,87
rand, sort,100,14,113,100,86
rand, sort,100,15,133,100,85
rand, sort,100,16,127,100,84
rand, sort,100,17,134,100,83
rand, sort,100,18,197,100,82
rand, sort,100,19,143,100,81
rand, sort,100,20,150,100,80
rand, sort,100,21,132,100,79
rand, sort,100,22,125,100,78
rand, sort,100,23,149,100,77
rand, sort,100,24,161,100,76
rand, sort,100,25,128,100,75
rand, sort,100,26,222,100,74
rand, sort,100,27,147,100,73
rand, sort,100,28,165,100,72
rand, sort,100,29,178,100,71
rand, sort,100,30,286,100,70
rand, sort,100,31,171,100,69
rand, sort,100,32,264,100,68
rand, sort,100,33,177,100,67
rand, sort,100,34,150,100,66
rand, sort,100,35,177,100,65
rand, sort,100,36,214,100,64
rand, sort,100,37,250,100,63
rand, sort,100,38,254,100,62
rand, sort,100,39,203,100,61
rand, sort,100,40,217,100,60
rand, sort,100,41,339,100,59
rand, sort,100,42,263,100,58
rand, sort,100,43,206,100,57
rand, sort,100,44,198,100,56
rand, sort,100,45,220,100,55
rand, sort,100,46,222,100,54
rand, sort,100,47,226,100,53
rand, sort,100,48,391,100,52
rand, sort,100,49,237,100,51
rand, sort,100,50,404,100,50
rand, sort,100,51,218,100,49
rand, sort,100,52,217,100,48
rand, sort,100,53,243,100,47
rand, sort,100,54,475,100,46
rand, sort,100,55,440,100,45
rand, sort,100,56,329,100,44
rand, sort,100,57,255,100,43
rand, sort,100,58,389,100,42
rand, sort,100,59,437,100,41
rand, sort,100,60,295,100,40
rand, sort,100,61,434,100,39
rand, sort,100,62,206,100,38
rand, sort,100,63,291,100,37
rand, sort,100,64,264,100,36
rand, sort,100,65,391,100,35
rand, sort,100,66,363,100,34
rand, sort,100,67,611,100,33
rand, sort,100,68,253,100,32
rand, sort,100,69,271,100,31
rand, sort,100,70,271,100,30
rand, sort,100,71,467,100,29
rand, sort,100,72,320,100,28
rand, sort,100,73,342,100,27
rand, sort,100,74,356,100,26
rand, sort,100,75,547,100,25
rand, sort,100,76,458,100,24
rand, sort,100,77,385,100,23
rand, sort,100,78,515,100,22
rand, sort,100,79,285,100,21
rand, sort,100,80,346,100,20
rand, sort,100,81,325,100,19
rand, sort,100,82,514,100,18
rand, sort,100,83,301,100,17
rand, sort,100,84,619,100,16
rand, sort,100,85,402,100,15
rand, sort,100,86,361,100,14
rand, sort,100,87,449,100,13
rand, sort,100,88,310,100,12
rand, sort,100,89,335,100,11
rand, sort,100,90,408,100,10
rand, sort,100,91,326,100,9
rand, sort,100,92,787,100,8
rand, sort,100,93,477,100,7
rand, sort,100,94,440,100,6
rand, sort,100,95,539,100,5
rand, sort,100,96,495,100,4
rand, sort,100,97,418,100,3
rand, sort,100,98,481,100,2
rand, sort,100,99,730,100,1
rand, sort,100,100,100,0,0
fifo, sort,100,3,100,100,97
fifo, sort,100,4,100,100,96
fifo, sort,100,5,100,100,95
fifo, sort,100,6,100,100,94
fifo, sort,100,7,100,100,93
fifo, sort,100,8,100,100,92
fifo, sort,100,9,100,100,91
fifo, sort,100,10,100,100,90
fifo, sort,100,11,100,100,89
fifo, sort,100,12,100,100,88
fifo, sort,100,13,100,100,87
fifo, sort,100,14,100,100,86
fifo, sort,100,15,100,100,85
fifo, sort,100,16,100,100,84
fifo, sort,100,17,100,100,83
fifo, sort,100,18,100,100,82
fifo, sort,100,19,100,100,81
fifo, sort,100,20,100,100,80
fifo, sort,100,21,100,100,79
fifo, sort,100,22,100,100,78
fifo, sort,100,23,100,100,77
fifo, sort,100,24,100,100,76
fifo, sort,100,25,100,100,75
fifo, sort,100,26,100,100,74
fifo, sort,100,27,100,100,73
fifo, sort,100,28,100,100,72
fifo, sort,100,29,100,100,71
fifo, sort,100,30,100,100,70
fifo, sort,100,31,100,100,69
fifo, sort,100,32,100,100,68
fifo, sort,100,33,100,100,67
fifo, sort,100,34,100,100,66
fifo, sort,100,35,100,100,65
fifo, sort,100,36,100,100,64
fifo, sort,100,37,100,100,63
fifo, sort,100,38,100,100,62
fifo, sort,100,39,100,100,61
fifo, sort,100,40,100,100,60
fifo, sort,100,41,100,100,59
fifo, sort,100,42,100,100,58
fifo, sort,100,43,100,100,57
fifo, sort,100,44,100,100,56
fifo, sort,100,45,100,100,55
fifo, sort,100,46,100,100,54
fifo, sort,100,47,100,100,53
fifo, sort,100,48,100,100,52
fifo, sort,100,49,100,100,51
fifo, sort,100,50,100,100,50
fifo, sort,100,51,100,100,49
fifo, sort,100,52,100,100,48
fifo, sort,100,53,100,100,47
fifo, sort,100,54,100,100,46
fifo, sort,100,55,100,100,45
fifo, sort,100,56,100,100,44
fifo, sort,100,57,100,100,43
fifo, sort,100,58,100,100,42
fifo, sort,100,59,100,100,41
fifo, sort,100,60,100,100,40
fifo, sort,100,61,100,100,39
fifo, sort,100,62,100,100,38
fifo, sort,100,63,100,100,37
fifo, sort,100,64,100,100,36
fifo, sort,100,65,100,100,35
fifo, sort,100,66,100,100,34
fifo, sort,100,67,100,100,33
fifo, sort,100,68,100,100,32
fifo, sort,100,69,100,100,31
fifo, sort,100,70,100,100,30
fifo, sort,100,71,100,100,29
fifo, sort,100,72,100,100,28
fifo, sort,100,73,100,100,27
fifo, sort,100,74,100,100,26
fifo, sort,100,75,100,100,25
fifo, sort,100,76,100,100,24
fifo, sort,100,77,100,100,23
fifo, sort,100,78,100,100,22
fifo, sort,100,79,100,100,21
fifo, sort,100,80,100,100,20
fifo, sort,100,81,100,100,19
fifo, sort,100,82,100,100,18
fifo, sort,100,83,100,100,17
fifo, sort,100,84,100,100,16
fifo, sort,100,85,100,100,15
fifo, sort,100,86,100,100,14
fifo, sort,100,87,100,100,13
fifo, sort,100,88,100,100,12
fifo, sort,100,89,100,100,11
fifo, sort,100,90,100,100,10
fifo, sort,100,91,100,100,9
fifo, sort,100,92,100,100,8
fifo, sort,100,93,100,100,7
fifo, sort,100,94,100,100,6
fifo, sort,100,95,100,100,5
fifo, sort,100,96,100,100,4
fifo, sort,100,97,100,100,3
fifo, sort,100,98,100,100,2
fifo, sort,100,99,100,100,1
fifo, sort,100,100,100,0,0
custom, sort,100,3,100,100,97
custom, sort,100,4,100,100,96
custom, sort,100,5,100,100,95
custom, sort,100,6,100,100,94
custom, sort,100,7,100,100,93
custom, sort,100,8,100,100,92
custom, sort,100,9,100,100,91
custom, sort,100,10,100,100,90
custom, sort,100,11,100,100,89
custom, sort,100,12,100,100,88
custom, sort,100,13,100,100,87
custom, sort,100,14,100,100,86
custom, sort,100,15,100,100,85
custom, sort,100,16,100,100,84
custom, sort,100,17,100,100,83
custom, sort,100,18,100,100,82
custom, sort,100,19,100,100,81
custom, sort,100,20,100,100,80
custom, sort,100,21,100,100,79
custom, sort,100,22,100,100,78
custom, sort,100,23,100,100,77
custom, sort,100,24,100,100,76
custom, sort,100,25,100,100,75
custom, sort,100,26,100,100,74
custom, sort,100,27,100,100,73
custom, sort,100,28,100,100,72
custom, sort,100,29,100,100,71
custom, sort,100,30,100,100,70
custom, sort,100,31,100,100,69
custom, sort,100,32,100,100,68
custom, sort,100,33,100,100,67
custom, sort,100,34,100,100,66
custom, sort,100,35,100,100,65
custom, sort,100,36,100,100,64
custom, sort,100,37,100,100,63
custom, sort,100,38,100,100,62
custom, sort,100,39,100,100,61
custom, sort,100,40,100,100,60
custom, sort,100,41,100,100,59
custom, sort,100,42,100,100,58
custom, sort,100,43,100,100,57
custom, sort,100,44,100,100,56
custom, sort,100,45,100,100,55
custom, sort,100,46,100,100,54
custom, sort,100,47,100,100,53
custom, sort,100,48,100,100,52
custom, sort,100,49,100,100,51
custom, sort,100,50,100,100,50
custom, sort,100,51,100,100,49
custom, sort,100,52,100,100,48
custom, sort,100,53,100,100,47
custom, sort,100,54,100,100,46
custom, sort,100,55,100,100,45
custom, sort,100,56,100,100,44
custom, sort,100,57,100,100,43
custom, sort,100,58,100,100,42
custom, sort,100,59,100,100,41
custom, sort,100,60,100,100,40
custom, sort,100,61,100,100,39
custom, sort,100,62,100,100,38
custom, sort,100,63,100,100,37
custom, sort,100,64,100,100,36
custom, sort,100,65,100,100,35
custom, sort,100,66,100,100,34
custom, sort,100,67,100,100,33
custom, sort,100,68,100,100,32
custom, sort,100,69,100,100,31
custom, sort,100,70,100,100,30
custom, sort,100,71,100,100,29
custom, sort,100,72,100,100,28
custom, sort,100,73,100,100,27
custom, sort,100,74,100,100,26
custom, sort,100,75,100,100,25
custom, sort,100,76,100,100,24
custom, sort,100,77,100,100,23
custom, sort,100,78,100,100,22
custom, sort,100,79,100,100,21
custom, sort,100,80,100,100,20
custom, sort,100,81,100,100,19
custom, sort,100,82,100,100,18
custom, sort,100,83,100,100,17
custom, sort,100,84,100,100,16
custom, sort,100,85,100,100,15
custom, sort,100,86,100,100,14
custom, sort,100,87,100,100,13
custom, sort,100,88,100,100,12
custom, sort,100,89,100,100,11
custom, sort,100,90,100,100,10
custom, sort,100,91,100,100,9
custom, sort,100,92,100,100,8
custom, sort,100,93,100,100,7
custom, sort,100,94,100,100,6
custom, sort,100,95,100,100,5
custom, sort,100,96,100,100,4
custom, sort,100,97,100,100,3
custom, sort,100,98,100,100,2
custom, sort,100,99,100,100,1
custom, sort,100,100,100,0,0
rand, focus,100,3,101,100,97
rand, focus,100,4,105,100,96
rand, focus,100,5,104,100,95
rand, focus,100,6,109,100,94
rand, focus,100,7,129,100,93
rand, focus,100,8,119,100,92
rand, focus,100,9,111,100,91
rand, focus,100,10,103,100,90
rand, focus,100,11,122,100,89
rand, focus,100,12,145,100,88
rand, focus,100,13,116,100,87
rand, focus,100,14,140,100,86
rand, focus,100,15,131,100,85
rand, focus,100,16,156,100,84
rand, focus,100,17,150,100,83
rand, focus,100,18,133,100,82
rand, focus,100,19,149,100,81
rand, focus,100,20,144,100,80
rand, focus,100,21,134,100,79
rand, focus,100,22,204,100,78
rand, focus,100,23,145,100,77
rand, focus,100,24,177,100,76
rand, focus,100,25,201,100,75
rand, focus,100,26,153,100,74
rand, focus,100,27,171,100,73
rand, focus,100,28,227,100,72
rand, focus,100,29,268,100,71
rand, focus,100,30,199,100,70
rand, focus,100,31,153,100,69
rand, focus,100,32,194,100,68
rand, focus,100,33,190,100,67
rand, focus,100,34,167,100,66
rand, focus,100,35,196,100,65
rand, focus,100,36,193,100,64
rand, focus,100,37,180,100,63
rand, focus,100,38,184,100,62
rand, focus,100,39,233,100,61
rand, focus,100,40,161,100,60
rand, focus,100,41,236,100,59
rand, focus,100,42,170,100,58
rand, focus,100,43,172,100,57
rand, focus,100,44,302,100,56
rand, focus,100,45,256,100,55
rand, focus,100,46,330,100,54
rand, focus,100,47,224,100,53
rand, focus,100,48,243,100,52
rand, focus,100,49,235,100,51
rand, focus,100,50,283,100,50
rand, focus,100,51,212,100,49
rand, focus,100,52,215,100,48
rand, focus,100,53,269,100,47
rand, focus,100,54,274,100,46
rand, focus,100,55,228,100,45
rand, focus,100,56,365,100,44
rand, focus,100,57,262,100,43
rand, focus,100,58,278,100,42
rand, focus,100,59,345,100,41
rand, focus,100,60,347,100,40
rand, focus,100,61,278,100,39
rand, focus,100,62,302,100,38
rand, focus,100,63,345,100,37
rand, focus,100,64,344,100,36
rand, focus,100,65,316,100,35
rand, focus,100,66,276,100,34
rand, focus,100,67,294,100,33
rand, focus,100,68,273,100,32
rand, focus,100,69,368,100,31
rand, focus,100,70,353,100,30
rand, focus,100,71,365,100,29
rand, focus,100,72,335,100,28
rand, focus,100,73,262,100,27
rand, focus,100,74,612,100,26
rand, focus,100,75,353,100,25
rand, focus,100,76,325,100,24
rand, focus,100,77,495,100,23
rand, focus,100,78,372,100,22
rand, focus,100,79,349,100,21
rand, focus,100,80,268,100,20
rand, focus,100,81,471,100,19
rand, focus,100,82,387,100,18
rand, focus,100,83,321,100,17
rand, focus,100,84,306,100,16
rand, focus,100,85,632,100,15
rand, focus,100,86,415,100,14
rand, focus,100,87,404,100,13
rand, focus,100,88,444,100,12
rand, focus,100,89,404,100,11
rand, focus,100,90,384,100,10
rand, focus,100,91,750,100,9
rand, focus,100,92,554,100,8
rand, focus,100,93,390,100,7
rand, focus,100,94,310,100,6
rand, focus,100,95,746,100,5
rand, focus,100,96,586,100,4
rand, focus,100,97,494,100,3
rand, focus,100,98,547,100,2
rand, focus,100,99,328,100,1
rand, focus,100,100,100,0,0
fifo, focus,100,3,100,100,97
fifo, focus,100,4,100,100,96
fifo, focus,100,5,100,100,95
fifo, focus,100,6,100,100,94
fifo, focus,100,7,100,100,93
fifo, focus,100,8,100,100,92
fifo, focus,100,9,100,100,91
fifo, focus,100,10,100,100,90
fifo, focus,100,11,100,100,89
fifo, focus,100,12,100,100,88
fifo, focus,100,13,100,100,87
fifo, focus,100,14,100,100,86
fifo, focus,100,15,100,100,85
fifo, focus,100,16,100,100,84
fifo, focus,100,17,100,100,83
fifo, focus,100,18,100,100,82
fifo, focus,100,19,100,100,81
fifo, focus,100,20,100,100,80
fifo, focus,100,21,100,100,79
fifo, focus,100,22,100,100,78
fifo, focus,100,23,100,100,77
fifo, focus,100,24,100,100,76
fifo, focus,100,25,100,100,75
fifo, focus,100,26,100,100,74
fifo, focus,100,27,100,100,73
fifo, focus,100,28,100,100,72
fifo, focus,100,29,100,100,71
fifo, focus,100,30,100,100,70
fifo, focus,100,31,100,100,69
fifo, focus,100,32,100,100,68
fifo, focus,100,33,100,100,67
fifo, focus,100,34,100,100,66
fifo, focus,100,35,100,100,65
fifo, focus,100,36,100,100,64
fifo, focus,100,37,100,100,63
fifo, focus,100,38,100,100,62
fifo, focus,100,39,100,100,61
fifo, focus,100,40,100,100,60
fifo, focus,100,41,100,100,59
fifo, focus,100,42,100,100,58
fifo, focus,100,43,100,100,57
fifo, focus,100,44,100,100,56
fifo, focus,100,45,100,100,55
fifo, focus,100,46,100,100,54
fifo, focus,100,47,100,100,53
fifo, focus,100,48,100,100,52
fifo, focus,100,49,100,100,51
fifo, focus,100,50,100,100,50
fifo, focus,100,51,100,100,49
fifo, focus,100,52,100,100,48
fifo, focus,100,53,100,100,47
fifo, focus,100,54,100,100,46
fifo, focus,100,55,100,100,45
fifo, focus,100,56,100,100,44
fifo, focus,100,57,100,100,43
fifo, focus,100,58,100,100,42
fifo, focus,100,59,100,100,41
fifo, focus,100,60,100,100,40
fifo, focus,100,61,100,100,39
fifo, focus,100,62,100,100,38
fifo, focus,100,63,100,100,37
fifo, focus,100,64,100,100,36
fifo, focus,100,65,100,100,35
fifo, focus,100,66,100,100,34
fifo, focus,100,67,100,100,33
fifo, focus,100,68,100,100,32
fifo, focus,100,69,100,100,31
fifo, focus,100,70,100,100,30
fifo, focus,100,71,100,100,29
fifo, focus,100,72,100,100,28
fifo, focus,100,73,100,100,27
fifo, focus,100,74,100,100,26
fifo, focus,100,75,100,100,25
fifo, focus,100,76,100,100,24
fifo, focus,100,77,100,100,23
fifo, focus,100,78,100,100,22
fifo, focus,100,79,100,100,21
fifo, focus,100,80,100,100,20
fifo, focus,100,81,100,100,19
fifo, focus,100,82,100,100,18
fifo, focus,100,83,100,100,17
fifo, focus,100,84,100,100,16
fifo, focus,100,85,100,100,15
fifo, focus,100,86,100,100,14
fifo, focus,100,87,100,100,13
fifo, focus,100,88,100,100,12
fifo, focus,100,89,100,100,11
fifo, focus,100,90,100,100,10
fifo, focus,100,91,100,100,9
fifo, focus,100,92,100,100,8
fifo, focus,100,93,100,100,7
fifo, focus,100,94,100,100,6
fifo, focus,100,95,100,100,5
fifo, focus,100,96,100,100,4
fifo, focus,100,97,100,100,3
fifo, focus,100,98,100,100,2
fifo, focus,100,99,100,100,1
fifo, focus,100,100,100,0,0
custom, focus,100,3,100,100,97
custom, focus,100,4,100,100,96
custom, focus,100,5,100,100,95
custom, focus,100,6,100,100,94
custom, focus,100,7,100,100,93
custom, focus,100,8,100,100,92
custom, focus,100,9,100,100,91
custom, focus,100,10,100,100,90
custom, focus,100,11,100,100,89
custom, focus,100,12,100,100,88
custom, focus,100,13,100,100,87
custom, focus,100,14,100,100,86
custom, focus,100,15,100,100,85
custom, focus,100,16,100,100,84
custom, focus,100,17,100,100,83
custom, focus,100,18,100,100,82
custom, focus,100,19,100,100,81
custom, focus,100,20,100,100,80
custom, focus,100,21,100,100,79
custom, focus,100,22,100,100,78
custom, focus,100,23,100,100,77
custom, focus,100,24,100,100,76
custom, focus,100,25,100,100,75
custom, focus,100,26,100,100,74
custom, focus,100,27,100,100,73
custom, focus,100,28,100,100,72
custom, focus,100,29,100,100,71
custom, focus,100,30,100,100,70
custom, focus,100,31,100,100,69
custom, focus,100,32,100,100,68
custom, focus,100,33,100,100,67
custom, focus,100,34,100,100,66
custom, focus,100,35,100,100,65
custom, focus,100,36,100,100,64
custom, focus,100,37,100,100,63
custom, focus,100,38,100,100,62
custom, focus,100,39,100,100,61
custom, focus,100,40,100,100,60
custom, focus,100,41,100,100,59
custom, focus,100,42,100,100,58
custom, focus,100,43,100,100,57
custom, focus,100,44,100,100,56
custom, focus,100,45,100,100,55
custom, focus,100,46,100,100,54
custom, focus,100,47,100,100,53
custom, focus,100,48,100,100,52
custom, focus,100,49,100,100,51
custom, focus,100,50,100,100,50
custom, focus,100,51,100,100,49
custom, focus,100,52,100,100,48
custom, focus,100,53,100,100,47
custom, focus,100,54,100,100,46
custom, focus,100,55,100,100,45
custom, focus,100,56,100,100,44
custom, focus,100,57,100,100,43
custom, focus,100,58,100,100,42
custom, focus,100,59,100,100,41
custom, focus,100,60,100,100,40
custom, focus,100,61,100,100,39
custom, focus,100,62,100,100,38
custom, focus,100,63,100,100,37
custom, focus,100,64,100,100,36
custom, focus,100,65,100,100,35
custom, focus,100,66,100,100,34
custom, focus,100,67,100,100,33
custom, focus,100,68,100,100,32
custom, focus,100,69,100,100,31
custom, focus,100,70,100,100,30
custom, focus,100,71,100,100,29
custom, focus,100,72,100,100,28
custom, focus,100,73,100,100,27
custom, focus,100,74,100,100,26
custom, focus,100,75,100,100,25
custom, focus,100,76,100,100,24
custom, focus,100,77,100,100,23
custom, focus,100,78,100,100,22
custom, focus,100,79,100,100,21
custom, focus,100,80,100,100,20
custom, focus,100,81,100,100,19
custom, focus,100,82,100,100,18
custom, focus,100,83,100,100,17
custom, focus,100,84,100,100,16
custom, focus,100,85,100,100,15
custom, focus,100,86,100,100,14
custom, focus,100,87,100,100,13
custom, focus,100,88,100,100,12
custom, focus,100,89,100,100,11
custom, focus,100,90,100,100,10
custom, focus,100,91,100,100,9
custom, focus,100,92,100,100,8
custom, focus,100,93,100,100,7
custom, focus,100,94,100,100,6
custom, focus,100,95,100,100,5
custom, focus,100,96,100,100,4
custom, focus,100,97,100,100,3
custom, focus,100,98,100,100,2
custom, focus,100,99,100,100,1
custom, focus,100,100,100,0,0